{
  "duration_log_mean": 3.502258290045667,
  "duration_log_std": 0.7996629776512777,
  "delay_log_mean": 0.9779145782313353,
  "delay_log_std": 0.5120972845386249
}