{
  "train_loss": [
    0.7532558139483134,
    0.6217880230585734,
    0.5749465250015259,
    0.569242995844947,
    0.5661761738671197,
    0.5634802898724874,
    0.5613460218111674,
    0.5595918717596265,
    0.557824096944597
  ],
  "val_loss": [
    0.7532838354958429,
    0.5839100001758999,
    0.5764909713427225,
    0.5769061293072171,
    0.5778382953431871,
    0.5796700392193265,
    0.5813480508592394,
    0.5825767818239,
    0.5847217856301201
  ],
  "lr": [
    0.003,
    0.003,
    0.0029979443021318605,
    0.0029917828430524097,
    0.0029815325108927065,
    0.0029672214011007086,
    0.0029488887394336022,
    0.0029265847744427303,
    0.002900370639745802
  ],
  "best_epoch": 2,
  "best_val_loss": 0.5764909713427225,
  "bayes_optimal_bce": 0.5704497694969177
}