{
  "train_loss": [
    0.7532558153046502,
    0.6217880143165588,
    0.5749465222888522,
    0.5692429871029324,
    0.5661761843469408,
    0.5634797261450025,
    0.5613457083596124,
    0.5595923082669576,
    0.5578238743464152
  ],
  "val_loss": [
    0.7532838272836473,
    0.5839100056012472,
    0.5764909687042237,
    0.5769061399353875,
    0.577838173421224,
    0.5796692227575514,
    0.5813583051045735,
    0.582593222310808,
    0.5846848476833767
  ],
  "lr": [
    0.003,
    0.003,
    0.0029979443021318605,
    0.0029917828430524097,
    0.0029815325108927065,
    0.0029672214011007086,
    0.0029488887394336022,
    0.0029265847744427303,
    0.002900370639745802
  ],
  "best_epoch": 2,
  "best_val_loss": 0.5764909687042237,
  "bayes_optimal_bce": 0.5704497694969177
}